id,organization_id,fund_id,fund_name,report_date,fund_vintage,fund_size,num_investments,capital_called,realized_value,unrealized_value,total_value,moic,net_irr,dpi
775f5206-3c7d-40f2-9372-69029572dd34,a01ac0ae-95b8-4188-affe-71db79156caf,a31f70f1-3c5f-45f7-b350-1f4035e343ea,Sequoia Growth Fund,2022-10-01,2022,1302850000,2,44920000.0,0.0,193471255.19,193471255.19,4.307018,343.1175,0.0
3f238773-cfa3-4ace-adb2-dcd310533036,a01ac0ae-95b8-4188-affe-71db79156caf,a31f70f1-3c5f-45f7-b350-1f4035e343ea,Sequoia Growth Fund,2023-01-01,2023,1302850000,2,47470000.0,0.0,161976134.19,161976134.19,3.412179,11.2478,0.0
520092e3-3029-4b4d-9845-0926daf3ef4c,a01ac0ae-95b8-4188-affe-71db79156caf,a31f70f1-3c5f-45f7-b350-1f4035e343ea,Sequoia Growth Fund,2023-04-01,2023,1302850000,3,64440000.0,0.0,299295728.47,299295728.47,4.644564,9.4228,0.0
8a863762-ba92-42e4-a04c-cad33b42d66c,a01ac0ae-95b8-4188-affe-71db79156caf,a31f70f1-3c5f-45f7-b350-1f4035e343ea,Sequoia Growth Fund,2023-07-01,2023,1302850000,4,88140000.0,0.0,316618634.71,316618634.71,3.592224,4.1955,0.0
1b46661e-2db9-40f9-868f-cf986a6d4eb4,a01ac0ae-95b8-4188-affe-71db79156caf,a31f70f1-3c5f-45f7-b350-1f4035e343ea,Sequoia Growth Fund,2023-10-01,2023,1302850000,4,90740000.0,0.0,291765492.46,291765492.46,3.215401,2.2518,0.0
7b36c643-ea4b-4917-a059-d81606ee4dde,a01ac0ae-95b8-4188-affe-71db79156caf,a31f70f1-3c5f-45f7-b350-1f4035e343ea,Sequoia Growth Fund,2024-01-01,2024,1302850000,5,117080000.0,0.0,362669636.4,362669636.4,3.097622,1.8378,0.0
62080673-3562-49ce-a716-b4b8ac04404c,a01ac0ae-95b8-4188-affe-71db79156caf,a31f70f1-3c5f-45f7-b350-1f4035e343ea,Sequoia Growth Fund,2024-04-01,2024,1302850000,5,118320000.0,0.0,379720253.03,379720253.03,3.209265,1.434,0.0
ffe6ff4c-ea5c-4778-858c-5393d17ba30f,a01ac0ae-95b8-4188-affe-71db79156caf,a31f70f1-3c5f-45f7-b350-1f4035e343ea,Sequoia Growth Fund,2024-07-01,2024,1302850000,4,94110000.0,0.0,352374961.67,352374961.67,3.744288,1.0304,0.0
2c0981f8-54ac-43f7-9ba7-cbb71334b5bd,a01ac0ae-95b8-4188-affe-71db79156caf,a31f70f1-3c5f-45f7-b350-1f4035e343ea,Sequoia Growth Fund,2024-10-01,2024,1302850000,4,98670000.0,0.0,286386652.23,286386652.23,2.902469,0.6328,0.0
74f201a1-9f0e-47a8-9815-3f53693de457,a01ac0ae-95b8-4188-affe-71db79156caf,a31f70f1-3c5f-45f7-b350-1f4035e343ea,Sequoia Growth Fund,2025-01-01,2025,1302850000,6,134800000.0,0.0,418337093.62,418337093.62,3.103391,0.8193,0.0
4fa904ad-0503-4183-abc8-754d1f3e288b,a01ac0ae-95b8-4188-affe-71db79156caf,a31f70f1-3c5f-45f7-b350-1f4035e343ea,Sequoia Growth Fund,2025-04-01,2025,1302850000,6,137090000.0,0.0,434873845.45,434873845.45,3.172178,0.7273,0.0
40b865c8-c733-44c0-b9fb-3b7742d8df28,a01ac0ae-95b8-4188-affe-71db79156caf,a31f70f1-3c5f-45f7-b350-1f4035e343ea,Sequoia Growth Fund,2025-07-01,2025,1302850000,6,141420000.0,200765512.63,176687113.54,377452626.17,2.669019,0.5743,1.41964
85161cec-94fb-4e1d-b514-1d02268a6c70,a01ac0ae-95b8-4188-affe-71db79156caf,a31f70f1-3c5f-45f7-b350-1f4035e343ea,Sequoia Growth Fund,2025-10-01,2025,1302850000,7,144040000.0,200765512.63,520849206.69,721614719.32,5.009822,0.9442,1.393818
398af7ef-be18-439c-95f0-dbea5d1b70d7,a01ac0ae-95b8-4188-affe-71db79156caf,78c545b1-f64e-44ba-8f45-fcdd1e5c59af,Andreessen Horowitz Fund,2018-10-01,2018,704390000,0,0,0,0,0,,82.7339,
62676d87-a094-4aef-864b-8b3906a33918,a01ac0ae-95b8-4188-affe-71db79156caf,78c545b1-f64e-44ba-8f45-fcdd1e5c59af,Andreessen Horowitz Fund,2019-01-01,2019,704390000,0,0,0,0,0,,82.7339,
799eb378-89f5-4a51-bd63-3f64b975e64f,a01ac0ae-95b8-4188-affe-71db79156caf,78c545b1-f64e-44ba-8f45-fcdd1e5c59af,Andreessen Horowitz Fund,2019-04-01,2019,704390000,0,0,0,0,0,,82.7339,
f3c25672-8776-4c3c-88d9-3a2b009be73e,a01ac0ae-95b8-4188-affe-71db79156caf,78c545b1-f64e-44ba-8f45-fcdd1e5c59af,Andreessen Horowitz Fund,2019-07-01,2019,704390000,0,0,0,0,0,,82.7339,
87c3e9c7-aaf9-4046-9b67-c8b05cf81182,a01ac0ae-95b8-4188-affe-71db79156caf,78c545b1-f64e-44ba-8f45-fcdd1e5c59af,Andreessen Horowitz Fund,2019-10-01,2019,704390000,0,0,0,0,0,,82.7339,
91f03350-bb65-42fe-902e-0b3f965ef00b,a01ac0ae-95b8-4188-affe-71db79156caf,78c545b1-f64e-44ba-8f45-fcdd1e5c59af,Andreessen Horowitz Fund,2020-01-01,2020,704390000,0,0,0,0,0,,82.7339,
9abac38b-2ab5-494e-8074-5b283e4eb70b,a01ac0ae-95b8-4188-affe-71db79156caf,78c545b1-f64e-44ba-8f45-fcdd1e5c59af,Andreessen Horowitz Fund,2020-04-01,2020,704390000,0,0,0,0,0,,82.7339,
4d369e58-7ee2-4f56-9da9-4ed07606e18e,a01ac0ae-95b8-4188-affe-71db79156caf,78c545b1-f64e-44ba-8f45-fcdd1e5c59af,Andreessen Horowitz Fund,2020-07-01,2020,704390000,0,0,0,0,0,,82.7339,
971b163b-0629-465a-9b47-2580dd0b3f59,a01ac0ae-95b8-4188-affe-71db79156caf,78c545b1-f64e-44ba-8f45-fcdd1e5c59af,Andreessen Horowitz Fund,2020-10-01,2020,704390000,0,0,0,0,0,,82.7339,
20b7519d-c23d-4586-8073-97bb080439b0,a01ac0ae-95b8-4188-affe-71db79156caf,78c545b1-f64e-44ba-8f45-fcdd1e5c59af,Andreessen Horowitz Fund,2021-01-01,2021,704390000,0,0,0,0,0,,82.7339,
828b6d6d-13e0-47e9-a3d1-fad350cd62b0,a01ac0ae-95b8-4188-affe-71db79156caf,78c545b1-f64e-44ba-8f45-fcdd1e5c59af,Andreessen Horowitz Fund,2021-04-01,2021,704390000,0,0,0,0,0,,82.7339,
9dbe5965-849c-4365-b80d-47c941913c57,a01ac0ae-95b8-4188-affe-71db79156caf,78c545b1-f64e-44ba-8f45-fcdd1e5c59af,Andreessen Horowitz Fund,2021-07-01,2021,704390000,0,0,0,0,0,,82.7339,
7cf3f356-6bcf-420a-9624-d4534e68a0ff,a01ac0ae-95b8-4188-affe-71db79156caf,78c545b1-f64e-44ba-8f45-fcdd1e5c59af,Andreessen Horowitz Fund,2021-10-01,2021,704390000,0,0,0,0,0,,82.7339,
764b4584-5ccb-416a-97e5-77bdb127b818,a01ac0ae-95b8-4188-affe-71db79156caf,78c545b1-f64e-44ba-8f45-fcdd1e5c59af,Andreessen Horowitz Fund,2022-01-01,2022,704390000,0,0,0,0,0,,82.7339,
f2086d23-f57b-4e54-b062-d12ba0334ca9,a01ac0ae-95b8-4188-affe-71db79156caf,78c545b1-f64e-44ba-8f45-fcdd1e5c59af,Andreessen Horowitz Fund,2022-04-01,2022,704390000,0,0,0,0,0,,82.7339,
72a4c3bd-fd66-4b4f-8bc6-9f86da852993,a01ac0ae-95b8-4188-affe-71db79156caf,78c545b1-f64e-44ba-8f45-fcdd1e5c59af,Andreessen Horowitz Fund,2022-07-01,2022,704390000,0,0,0,0,0,,82.7339,
ffd63f21-e792-40bf-9efa-0ba92c85863a,a01ac0ae-95b8-4188-affe-71db79156caf,78c545b1-f64e-44ba-8f45-fcdd1e5c59af,Andreessen Horowitz Fund,2022-10-01,2022,704390000,1,42190000.0,0.0,19033921.1,19033921.1,0.451148,-0.9586,0.0
565d5abf-1c9d-41e7-b3cf-59b02b511ca0,a01ac0ae-95b8-4188-affe-71db79156caf,78c545b1-f64e-44ba-8f45-fcdd1e5c59af,Andreessen Horowitz Fund,2023-01-01,2023,704390000,3,87020000.0,0.0,91967347.97,91967347.97,1.056853,0.1601,0.0
c526ccec-e416-4697-b1ab-79390e05f849,a01ac0ae-95b8-4188-affe-71db79156caf,78c545b1-f64e-44ba-8f45-fcdd1e5c59af,Andreessen Horowitz Fund,2023-04-01,2023,704390000,3,50190000.0,0.0,113798828.42,113798828.42,2.267361,0.4127,0.0
aa720879-2213-4cda-8280-1ef915e3b4dd,a01ac0ae-95b8-4188-affe-71db79156caf,78c545b1-f64e-44ba-8f45-fcdd1e5c59af,Andreessen Horowitz Fund,2023-07-01,2023,704390000,3,51940000.0,0.0,120754997.17,120754997.17,2.324894,0.3439,0.0
fa5128b6-511a-47ad-8bdb-f2baf05f658c,a01ac0ae-95b8-4188-affe-71db79156caf,78c545b1-f64e-44ba-8f45-fcdd1e5c59af,Andreessen Horowitz Fund,2023-10-01,2023,704390000,3,51940000.0,0.0,122432794.55,122432794.55,2.357197,0.2722,0.0
68e65d31-9a90-4ec0-86e7-3b9c06e239f1,a01ac0ae-95b8-4188-affe-71db79156caf,78c545b1-f64e-44ba-8f45-fcdd1e5c59af,Andreessen Horowitz Fund,2024-01-01,2024,704390000,3,51940000.0,0.0,112076814.32,112076814.32,2.157813,0.1391,0.0
1abf4a6b-5de2-4516-bf37-c7b7fcb94574,a01ac0ae-95b8-4188-affe-71db79156caf,78c545b1-f64e-44ba-8f45-fcdd1e5c59af,Andreessen Horowitz Fund,2024-04-01,2024,704390000,3,51940000.0,0.0,154533324.21,154533324.21,2.975228,0.3651,0.0
219f16c3-3944-4107-a956-4ecefff42631,a01ac0ae-95b8-4188-affe-71db79156caf,78c545b1-f64e-44ba-8f45-fcdd1e5c59af,Andreessen Horowitz Fund,2024-07-01,2024,704390000,3,51940000.0,0.0,195573496.37,195573496.37,3.765373,0.4867,0.0
12080626-62a2-4019-95ba-1421925015c3,a01ac0ae-95b8-4188-affe-71db79156caf,78c545b1-f64e-44ba-8f45-fcdd1e5c59af,Andreessen Horowitz Fund,2024-10-01,2024,704390000,3,54090000.0,49186677.41,56967705.43,106154382.84,1.962551,0.0518,0.909349
d0ca9c5d-720a-41b5-865b-680197b4e130,a01ac0ae-95b8-4188-affe-71db79156caf,78c545b1-f64e-44ba-8f45-fcdd1e5c59af,Andreessen Horowitz Fund,2025-01-01,2025,704390000,3,54090000.0,49186677.41,164213757.21,213400434.62,3.945284,0.4383,0.909349
2274c62f-81f4-44ef-98b0-0399bda5487e,a01ac0ae-95b8-4188-affe-71db79156caf,78c545b1-f64e-44ba-8f45-fcdd1e5c59af,Andreessen Horowitz Fund,2025-04-01,2025,704390000,4,98540000.0,49186677.41,161398690.64,210585368.05,2.137055,0.2567,0.499154
a97d6c66-d6af-4fd7-bdaa-f53a906c3cf1,a01ac0ae-95b8-4188-affe-71db79156caf,78c545b1-f64e-44ba-8f45-fcdd1e5c59af,Andreessen Horowitz Fund,2025-07-01,2025,704390000,4,98540000.0,57645827.99,107446513.15,165092341.14,1.675384,0.0925,0.584999
d4d93a8d-82fe-4d5f-96a0-fbe4faf84c3d,a01ac0ae-95b8-4188-affe-71db79156caf,78c545b1-f64e-44ba-8f45-fcdd1e5c59af,Andreessen Horowitz Fund,2025-10-01,2025,704390000,4,98540000.0,57645827.99,285034594.16,342680422.15,3.477577,0.4733,0.584999
996eeda2-88e8-4d45-80f6-b0725ad00d83,a01ac0ae-95b8-4188-affe-71db79156caf,1e5168b1-a8dc-439a-b430-d339ec194b3e,Accel Leaders Fund,2017-10-01,2017,338220000,1,10240000.0,0.0,29774511.42,29774511.42,2.907667,70.479,0.0
593ecad6-3eff-4f31-aef3-6fc590ff1281,a01ac0ae-95b8-4188-affe-71db79156caf,1e5168b1-a8dc-439a-b430-d339ec194b3e,Accel Leaders Fund,2018-01-01,2018,338220000,1,10240000.0,0.0,24548310.02,24548310.02,2.397296,4.747,0.0
fe2db63b-7e85-4f82-9bd2-9b2a19827819,a01ac0ae-95b8-4188-affe-71db79156caf,1e5168b1-a8dc-439a-b430-d339ec194b3e,Accel Leaders Fund,2018-04-01,2018,338220000,1,10240000.0,0.0,42948597.57,42948597.57,4.194199,5.7639,0.0
fb652488-2eed-4ba5-a8f3-fc7b562d4e90,a01ac0ae-95b8-4188-affe-71db79156caf,1e5168b1-a8dc-439a-b430-d339ec194b3e,Accel Leaders Fund,2018-07-01,2018,338220000,1,10240000.0,0.0,79807157.15,79807157.15,7.793668,6.7937,0.0
53047ed9-ede1-4b21-a3eb-7a3fdf406fa1,a01ac0ae-95b8-4188-affe-71db79156caf,1e5168b1-a8dc-439a-b430-d339ec194b3e,Accel Leaders Fund,2018-10-01,2018,338220000,1,10240000.0,0.0,76146255.68,76146255.68,7.436158,3.9783,0.0
6f9860b3-9187-4042-9e75-ad8437ad0a68,a01ac0ae-95b8-4188-affe-71db79156caf,1e5168b1-a8dc-439a-b430-d339ec194b3e,Accel Leaders Fund,2019-01-01,2019,338220000,1,10240000.0,0.0,47112223.46,47112223.46,4.600803,1.7662,0.0
8c217331-2f24-447a-acca-ca33f6861a1d,a01ac0ae-95b8-4188-affe-71db79156caf,1e5168b1-a8dc-439a-b430-d339ec194b3e,Accel Leaders Fund,2019-04-01,2019,338220000,2,43440000.0,0.0,32820968.8,32820968.8,0.755547,-0.4241,0.0
b410cd54-1e0d-4cfe-9bd2-a6fdb141226a,a01ac0ae-95b8-4188-affe-71db79156caf,1e5168b1-a8dc-439a-b430-d339ec194b3e,Accel Leaders Fund,2019-07-01,2019,338220000,2,43440000.0,0.0,74465150.9,74465150.9,1.714207,0.7331,0.0
6c90ac5c-7520-413a-a65d-44756e9fac34,a01ac0ae-95b8-4188-affe-71db79156caf,1e5168b1-a8dc-439a-b430-d339ec194b3e,Accel Leaders Fund,2019-10-01,2019,338220000,2,43440000.0,0.0,49706973.45,49706973.45,1.144267,0.1268,0.0
839fb507-a835-49ef-816b-033cec703a6f,a01ac0ae-95b8-4188-affe-71db79156caf,1e5168b1-a8dc-439a-b430-d339ec194b3e,Accel Leaders Fund,2020-01-01,2020,338220000,2,43440000.0,0.0,58993705.03,58993705.03,1.35805,0.2443,0.0
ab64adc7-2095-44ef-b474-89e534e8aaa0,a01ac0ae-95b8-4188-affe-71db79156caf,1e5168b1-a8dc-439a-b430-d339ec194b3e,Accel Leaders Fund,2020-04-01,2020,338220000,2,43440000.0,0.0,108018110.97,108018110.97,2.486605,0.6959,0.0
bdd1288c-825f-4971-b7a5-ea0469fe93b1,a01ac0ae-95b8-4188-affe-71db79156caf,1e5168b1-a8dc-439a-b430-d339ec194b3e,Accel Leaders Fund,2020-07-01,2020,338220000,2,43440000.0,0.0,61762745.46,61762745.46,1.421794,0.2043,0.0
fb454749-f9f2-4cf0-8791-4c0bcb34792c,a01ac0ae-95b8-4188-affe-71db79156caf,1e5168b1-a8dc-439a-b430-d339ec194b3e,Accel Leaders Fund,2020-10-01,2020,338220000,2,43440000.0,0.0,108623277.42,108623277.42,2.500536,0.5176,0.0
081d1f74-7142-44c8-81d0-288c21eb9812,a01ac0ae-95b8-4188-affe-71db79156caf,1e5168b1-a8dc-439a-b430-d339ec194b3e,Accel Leaders Fund,2021-01-01,2021,338220000,2,43440000.0,0.0,94155079.22,94155079.22,2.167474,0.376,0.0
f9d3b3b7-6a8c-4904-b392-7e812a912b3d,a01ac0ae-95b8-4188-affe-71db79156caf,1e5168b1-a8dc-439a-b430-d339ec194b3e,Accel Leaders Fund,2021-04-01,2021,338220000,2,43440000.0,0.0,92278237.22,92278237.22,2.124269,0.3267,0.0
17c59780-5bb5-4076-ae30-12b8b87d99b2,a01ac0ae-95b8-4188-affe-71db79156caf,1e5168b1-a8dc-439a-b430-d339ec194b3e,Accel Leaders Fund,2021-07-01,2021,338220000,2,43440000.0,0.0,83466497.5,83466497.5,1.92142,0.2524,0.0
48e489b5-8905-41f3-ae62-7d2e4095efe1,a01ac0ae-95b8-4188-affe-71db79156caf,1e5168b1-a8dc-439a-b430-d339ec194b3e,Accel Leaders Fund,2021-10-01,2021,338220000,4,93880000.0,0.0,317783497.63,317783497.63,3.384997,0.7395,0.0
deda135d-f950-4163-a015-5d0ccaa096c0,a01ac0ae-95b8-4188-affe-71db79156caf,1e5168b1-a8dc-439a-b430-d339ec194b3e,Accel Leaders Fund,2022-01-01,2022,338220000,4,97080000.0,0.0,330251025.15,330251025.15,3.401844,0.6767,0.0
7d110852-adda-464f-9c70-f54b3492c11e,a01ac0ae-95b8-4188-affe-71db79156caf,1e5168b1-a8dc-439a-b430-d339ec194b3e,Accel Leaders Fund,2022-04-01,2022,338220000,4,98850000.0,0.0,355796897.96,355796897.96,3.599362,0.6452,0.0
185c6e5f-c15e-4d36-8f51-e0a39ed01227,a01ac0ae-95b8-4188-affe-71db79156caf,1e5168b1-a8dc-439a-b430-d339ec194b3e,Accel Leaders Fund,2022-07-01,2022,338220000,5,129230000.0,0.0,425005798.86,425005798.86,3.288755,0.6302,0.0
47c02ec1-ce55-49e6-aeab-86953c5a2df7,a01ac0ae-95b8-4188-affe-71db79156caf,1e5168b1-a8dc-439a-b430-d339ec194b3e,Accel Leaders Fund,2022-10-01,2022,338220000,5,129230000.0,0.0,429808234.3,429808234.3,3.325917,0.5768,0.0
e528fd17-6e91-47e2-b45c-c987fc77b25b,a01ac0ae-95b8-4188-affe-71db79156caf,1e5168b1-a8dc-439a-b430-d339ec194b3e,Accel Leaders Fund,2023-01-01,2023,338220000,5,129230000.0,0.0,416748317.79,416748317.79,3.224857,0.5125,0.0
5acadfcc-801a-4ef6-a21f-1ecbd0fd783d,a01ac0ae-95b8-4188-affe-71db79156caf,1e5168b1-a8dc-439a-b430-d339ec194b3e,Accel Leaders Fund,2023-04-01,2023,338220000,5,129230000.0,0.0,358776646.41,358776646.41,2.776264,0.4089,0.0
6c82d1c1-2c6c-44d6-aaae-e9078f1365e0,a01ac0ae-95b8-4188-affe-71db79156caf,1e5168b1-a8dc-439a-b430-d339ec194b3e,Accel Leaders Fund,2023-07-01,2023,338220000,5,134200000.0,0.0,543465399.41,543465399.41,4.049668,0.5312,0.0
211f0bf5-22bf-44fe-bec1-f3ce1388c94e,a01ac0ae-95b8-4188-affe-71db79156caf,1e5168b1-a8dc-439a-b430-d339ec194b3e,Accel Leaders Fund,2023-10-01,2023,338220000,5,134200000.0,0.0,377042566.22,377042566.22,2.809557,0.3603,0.0
ec0d5c77-c75d-4f48-ae88-bcd48b6f98c0,a01ac0ae-95b8-4188-affe-71db79156caf,1e5168b1-a8dc-439a-b430-d339ec194b3e,Accel Leaders Fund,2024-01-01,2024,338220000,5,134200000.0,0.0,651110026.9,651110026.9,4.851789,0.52,0.0
b14f0809-3dbb-4567-ab45-90dac1100df8,a01ac0ae-95b8-4188-affe-71db79156caf,1e5168b1-a8dc-439a-b430-d339ec194b3e,Accel Leaders Fund,2024-04-01,2024,338220000,5,136630000.0,0.0,630518799.28,630518799.28,4.61479,0.4741,0.0
2de8de63-8077-4c17-8b99-0d43daf1bd85,a01ac0ae-95b8-4188-affe-71db79156caf,1e5168b1-a8dc-439a-b430-d339ec194b3e,Accel Leaders Fund,2024-07-01,2024,338220000,4,103430000.0,0.0,614352008.69,614352008.69,5.939785,0.4364,0.0
659e29a6-404c-4fea-841e-d5f23bfa11c4,a01ac0ae-95b8-4188-affe-71db79156caf,1e5168b1-a8dc-439a-b430-d339ec194b3e,Accel Leaders Fund,2024-10-01,2024,338220000,4,103430000.0,0.0,745245365.27,745245365.27,7.205311,0.4662,0.0
5523dac7-1fe4-4490-9fa9-396c2fbefa3b,a01ac0ae-95b8-4188-affe-71db79156caf,1e5168b1-a8dc-439a-b430-d339ec194b3e,Accel Leaders Fund,2025-01-01,2025,338220000,4,107850000.0,0.0,520304228.22,520304228.22,4.824332,0.3394,0.0
caa3b64b-1a41-4c37-80bf-bb1a34629d45,a01ac0ae-95b8-4188-affe-71db79156caf,1e5168b1-a8dc-439a-b430-d339ec194b3e,Accel Leaders Fund,2025-04-01,2025,338220000,4,111140000.0,83011373.23,630199888.63,713211261.86,6.417233,0.4038,0.746908
3c31dbec-0516-47bf-8015-b18c920a22b3,a01ac0ae-95b8-4188-affe-71db79156caf,1e5168b1-a8dc-439a-b430-d339ec194b3e,Accel Leaders Fund,2025-07-01,2025,338220000,5,144340000.0,83011373.23,736633079.95,819644453.18,5.678568,0.4198,0.57511
64a4d8d7-d927-48d4-9b6f-f29678e99403,a01ac0ae-95b8-4188-affe-71db79156caf,1e5168b1-a8dc-439a-b430-d339ec194b3e,Accel Leaders Fund,2025-10-01,2025,338220000,5,147440000.0,83011373.23,760212994.95,843224368.18,5.719102,0.4067,0.563018
e1d83598-5eb6-4808-a5e2-07b3ea36f34b,a01ac0ae-95b8-4188-affe-71db79156caf,89b0b809-8b9e-4e25-9e0a-8d68f49a459f,Index Ventures Growth,2023-10-01,2023,599470000,2,65850000.0,0.0,12860278.84,12860278.84,0.195297,-0.9985,0.0
abab69d6-0d0d-4311-a04c-7c66fa7337ff,a01ac0ae-95b8-4188-affe-71db79156caf,89b0b809-8b9e-4e25-9e0a-8d68f49a459f,Index Ventures Growth,2024-01-01,2024,599470000,2,65850000.0,0.0,23143589.62,23143589.62,0.351459,-0.8765,0.0
0b8de062-31e7-4f00-adf3-ee245f7d11d1,a01ac0ae-95b8-4188-affe-71db79156caf,89b0b809-8b9e-4e25-9e0a-8d68f49a459f,Index Ventures Growth,2024-04-01,2024,599470000,4,103340000.0,0.0,37326461.31,37326461.31,0.361201,-0.8655,0.0
e32cae6b-7799-444f-8e80-c498c955d1c6,a01ac0ae-95b8-4188-affe-71db79156caf,89b0b809-8b9e-4e25-9e0a-8d68f49a459f,Index Ventures Growth,2024-07-01,2024,599470000,4,103340000.0,0.0,66200585.88,66200585.88,0.64061,-0.426,0.0
2865c180-f016-45e2-a529-5fe50d7885f8,a01ac0ae-95b8-4188-affe-71db79156caf,89b0b809-8b9e-4e25-9e0a-8d68f49a459f,Index Ventures Growth,2024-10-01,2024,599470000,4,112110000.0,0.0,81684596.66,81684596.66,0.728611,-0.2742,0.0
2fcdaa5a-773c-40f3-a358-c449c037753f,a01ac0ae-95b8-4188-affe-71db79156caf,89b0b809-8b9e-4e25-9e0a-8d68f49a459f,Index Ventures Growth,2025-01-01,2025,599470000,5,149700000.0,0.0,97106677.22,97106677.22,0.648675,-0.3692,0.0
4a3c8ea4-fb2b-41f5-9f11-cf81c5f91e8e,a01ac0ae-95b8-4188-affe-71db79156caf,89b0b809-8b9e-4e25-9e0a-8d68f49a459f,Index Ventures Growth,2025-04-01,2025,599470000,5,152380000.0,0.0,75574564.19,75574564.19,0.495961,-0.4574,0.0
d324d9b8-19e0-43e6-9beb-200622144516,a01ac0ae-95b8-4188-affe-71db79156caf,89b0b809-8b9e-4e25-9e0a-8d68f49a459f,Index Ventures Growth,2025-07-01,2025,599470000,5,155300000.0,0.0,128965287.29,128965287.29,0.830427,-0.1209,0.0
74900170-d8e3-4a2f-b857-333e70b58935,a01ac0ae-95b8-4188-affe-71db79156caf,89b0b809-8b9e-4e25-9e0a-8d68f49a459f,Index Ventures Growth,2025-10-01,2025,599470000,5,159350000.0,0.0,137497599.89,137497599.89,0.862865,-0.0851,0.0
93712f28-aebc-4e58-8f77-6b7b594797b0,a01ac0ae-95b8-4188-affe-71db79156caf,566053cd-4c13-4e7f-8362-4fe27f5c662f,Lightspeed Opportunity Fund,2018-10-01,2018,50890000,0,0,0,0,0,,82.7339,
c3b3a950-1a54-409b-8291-c7c3f57682be,a01ac0ae-95b8-4188-affe-71db79156caf,566053cd-4c13-4e7f-8362-4fe27f5c662f,Lightspeed Opportunity Fund,2019-01-01,2019,50890000,0,0,0,0,0,,82.7339,
311e27aa-7514-4410-8b41-ffca2d06d73b,a01ac0ae-95b8-4188-affe-71db79156caf,566053cd-4c13-4e7f-8362-4fe27f5c662f,Lightspeed Opportunity Fund,2019-04-01,2019,50890000,0,0,0,0,0,,82.7339,
2ec54de4-9f27-488a-a808-de3dd25b1bea,a01ac0ae-95b8-4188-affe-71db79156caf,566053cd-4c13-4e7f-8362-4fe27f5c662f,Lightspeed Opportunity Fund,2019-07-01,2019,50890000,0,0,0,0,0,,82.7339,
c82c491f-e203-48d7-a5ad-d77ec1b6fc97,a01ac0ae-95b8-4188-affe-71db79156caf,566053cd-4c13-4e7f-8362-4fe27f5c662f,Lightspeed Opportunity Fund,2019-10-01,2019,50890000,0,0,0,0,0,,82.7339,
76acbee9-4f21-4756-a13b-e803c7833978,a01ac0ae-95b8-4188-affe-71db79156caf,566053cd-4c13-4e7f-8362-4fe27f5c662f,Lightspeed Opportunity Fund,2020-01-01,2020,50890000,0,0,0,0,0,,82.7339,
293e460b-1a10-4515-b1eb-2bc5470fba79,a01ac0ae-95b8-4188-affe-71db79156caf,566053cd-4c13-4e7f-8362-4fe27f5c662f,Lightspeed Opportunity Fund,2020-04-01,2020,50890000,0,0,0,0,0,,82.7339,
2db8cb48-c2bb-4fb8-a22d-01b5f859f5c4,a01ac0ae-95b8-4188-affe-71db79156caf,566053cd-4c13-4e7f-8362-4fe27f5c662f,Lightspeed Opportunity Fund,2020-07-01,2020,50890000,0,0,0,0,0,,82.7339,
2d284b4a-6f92-48cf-950d-82c9235d772a,a01ac0ae-95b8-4188-affe-71db79156caf,566053cd-4c13-4e7f-8362-4fe27f5c662f,Lightspeed Opportunity Fund,2020-10-01,2020,50890000,0,0,0,0,0,,82.7339,
a942f5b6-a643-4fca-b69f-201b25cd9f50,a01ac0ae-95b8-4188-affe-71db79156caf,566053cd-4c13-4e7f-8362-4fe27f5c662f,Lightspeed Opportunity Fund,2021-01-01,2021,50890000,0,0,0,0,0,,82.7339,
c3852270-a17d-4277-9565-9db7bfae6a90,a01ac0ae-95b8-4188-affe-71db79156caf,566053cd-4c13-4e7f-8362-4fe27f5c662f,Lightspeed Opportunity Fund,2021-04-01,2021,50890000,0,0,0,0,0,,82.7339,
c66b2d45-7b70-4193-946c-71d702dc3455,a01ac0ae-95b8-4188-affe-71db79156caf,566053cd-4c13-4e7f-8362-4fe27f5c662f,Lightspeed Opportunity Fund,2021-07-01,2021,50890000,0,0,0,0,0,,82.7339,
039bddac-7873-4456-96cb-bf4d828e9c12,a01ac0ae-95b8-4188-affe-71db79156caf,566053cd-4c13-4e7f-8362-4fe27f5c662f,Lightspeed Opportunity Fund,2021-10-01,2021,50890000,0,0,0,0,0,,82.7339,
333da254-a80e-4b70-96ab-2a8d6602a7c4,a01ac0ae-95b8-4188-affe-71db79156caf,566053cd-4c13-4e7f-8362-4fe27f5c662f,Lightspeed Opportunity Fund,2022-01-01,2022,50890000,0,0,0,0,0,,82.7339,
295ae794-e74c-463c-94fb-4cd72387c7de,a01ac0ae-95b8-4188-affe-71db79156caf,566053cd-4c13-4e7f-8362-4fe27f5c662f,Lightspeed Opportunity Fund,2022-04-01,2022,50890000,0,0,0,0,0,,82.7339,
48c8231a-83ad-4a94-aece-40c5a4f8e3ac,a01ac0ae-95b8-4188-affe-71db79156caf,566053cd-4c13-4e7f-8362-4fe27f5c662f,Lightspeed Opportunity Fund,2022-07-01,2022,50890000,0,0,0,0,0,,82.7339,
5a683e7e-acfd-453b-8377-633e8d218184,a01ac0ae-95b8-4188-affe-71db79156caf,566053cd-4c13-4e7f-8362-4fe27f5c662f,Lightspeed Opportunity Fund,2022-10-01,2022,50890000,0,0,0,0,0,,82.7339,
36b4fc7b-0ac5-42a3-bba5-f3a532e1ad1c,a01ac0ae-95b8-4188-affe-71db79156caf,566053cd-4c13-4e7f-8362-4fe27f5c662f,Lightspeed Opportunity Fund,2023-01-01,2023,50890000,0,0,0,0,0,,82.7339,
b81cae92-3919-4c76-a76f-90c153707ce3,a01ac0ae-95b8-4188-affe-71db79156caf,566053cd-4c13-4e7f-8362-4fe27f5c662f,Lightspeed Opportunity Fund,2023-04-01,2023,50890000,1,27130000.0,0.0,2583569.33,2583569.33,0.095229,-0.9999,0.0
8c23714f-4ce2-47d8-95ac-e497203929c5,a01ac0ae-95b8-4188-affe-71db79156caf,566053cd-4c13-4e7f-8362-4fe27f5c662f,Lightspeed Opportunity Fund,2023-07-01,2023,50890000,1,27130000.0,0.0,5011604.85,5011604.85,0.184726,-0.9659,0.0
ff74bbda-75b0-4200-bc89-16cefc5e2ae5,a01ac0ae-95b8-4188-affe-71db79156caf,566053cd-4c13-4e7f-8362-4fe27f5c662f,Lightspeed Opportunity Fund,2023-10-01,2023,50890000,1,27130000.0,0.0,4523644.12,4523644.12,0.16674,-0.9082,0.0
ac9769aa-a0eb-46eb-af6b-229171a01082,a01ac0ae-95b8-4188-affe-71db79156caf,566053cd-4c13-4e7f-8362-4fe27f5c662f,Lightspeed Opportunity Fund,2024-01-01,2024,50890000,1,27130000.0,0.0,2811256.41,2811256.41,0.103622,-0.8964,0.0
d44e2a6e-244f-41ef-af31-6b70fc2ddb18,a01ac0ae-95b8-4188-affe-71db79156caf,566053cd-4c13-4e7f-8362-4fe27f5c662f,Lightspeed Opportunity Fund,2024-04-01,2024,50890000,1,27130000.0,0.0,3048519.73,3048519.73,0.112367,-0.826,0.0
8fb196aa-9f95-4a15-98b5-fbeea348ca23,a01ac0ae-95b8-4188-affe-71db79156caf,566053cd-4c13-4e7f-8362-4fe27f5c662f,Lightspeed Opportunity Fund,2024-07-01,2024,50890000,1,28780000.0,0.0,3719221.53,3719221.53,0.129229,-0.7904,0.0
034a0873-4684-4d6a-a924-bf907b1d4a14,a01ac0ae-95b8-4188-affe-71db79156caf,566053cd-4c13-4e7f-8362-4fe27f5c662f,Lightspeed Opportunity Fund,2024-10-01,2024,50890000,1,28780000.0,0.0,3343514.54,3343514.54,0.116175,-0.7435,0.0
19c6318a-45ba-46d4-b4c4-11c01574265a,a01ac0ae-95b8-4188-affe-71db79156caf,566053cd-4c13-4e7f-8362-4fe27f5c662f,Lightspeed Opportunity Fund,2025-01-01,2025,50890000,2,33540000.0,0.0,27283082.97,27283082.97,0.813449,-0.1167,0.0
5040c166-2420-4304-9ca9-8dec0ec030a4,a01ac0ae-95b8-4188-affe-71db79156caf,566053cd-4c13-4e7f-8362-4fe27f5c662f,Lightspeed Opportunity Fund,2025-04-01,2025,50890000,2,34800000.0,0.0,9547379.79,9547379.79,0.27435,-0.5472,0.0
7e9f03f5-dc7e-4e22-a15f-0e6feb6eb0c9,a01ac0ae-95b8-4188-affe-71db79156caf,566053cd-4c13-4e7f-8362-4fe27f5c662f,Lightspeed Opportunity Fund,2025-07-01,2025,50890000,2,41600000.0,0.0,21874617.51,21874617.51,0.525832,-0.3257,0.0
3f1920e5-61cc-4af8-bc17-78b4c5f0f21b,a01ac0ae-95b8-4188-affe-71db79156caf,566053cd-4c13-4e7f-8362-4fe27f5c662f,Lightspeed Opportunity Fund,2025-10-01,2025,50890000,2,41600000.0,0.0,29641444.02,29641444.02,0.712535,-0.1564,0.0
80c724a0-2460-4967-8bfc-43620344f4a0,a01ac0ae-95b8-4188-affe-71db79156caf,0f1b9256-ff74-41c8-a445-fef1e3ade1b3,Benchmark Capital Partners,2022-10-01,2022,359470000,2,55540000.0,0.0,185088271.96,185088271.96,3.332522,122.3366,0.0
686c8719-a82d-4ca9-b473-cd1f6d3fc901,a01ac0ae-95b8-4188-affe-71db79156caf,0f1b9256-ff74-41c8-a445-fef1e3ade1b3,Benchmark Capital Partners,2023-01-01,2023,359470000,2,55540000.0,0.0,245614502.72,245614502.72,4.422299,18.5567,0.0
51c5c8dd-05d9-46cc-b42b-26fb2505f545,a01ac0ae-95b8-4188-affe-71db79156caf,0f1b9256-ff74-41c8-a445-fef1e3ade1b3,Benchmark Capital Partners,2023-04-01,2023,359470000,3,61140000.0,0.0,219625987.61,219625987.61,3.592182,4.9238,0.0
c509e745-3e72-4b9e-a6a9-6d756ded7339,a01ac0ae-95b8-4188-affe-71db79156caf,0f1b9256-ff74-41c8-a445-fef1e3ade1b3,Benchmark Capital Partners,2023-07-01,2023,359470000,3,61140000.0,0.0,399356875.46,399356875.46,6.531843,5.9251,0.0
69178c1c-c451-4ec3-8d32-335af1223cd6,a01ac0ae-95b8-4188-affe-71db79156caf,0f1b9256-ff74-41c8-a445-fef1e3ade1b3,Benchmark Capital Partners,2023-10-01,2023,359470000,3,61140000.0,0.0,285840740.48,285840740.48,4.675184,2.5573,0.0
789df349-21e0-4e68-8ae1-935186408526,a01ac0ae-95b8-4188-affe-71db79156caf,0f1b9256-ff74-41c8-a445-fef1e3ade1b3,Benchmark Capital Partners,2024-01-01,2024,359470000,3,61140000.0,0.0,341270289.92,341270289.92,5.581784,2.235,0.0
8bdfc012-2405-4e54-9e63-8558c375073d,a01ac0ae-95b8-4188-affe-71db79156caf,0f1b9256-ff74-41c8-a445-fef1e3ade1b3,Benchmark Capital Partners,2024-04-01,2024,359470000,3,61140000.0,0.0,303174134.09,303174134.09,4.958687,1.5468,0.0
83d03858-dfc1-4bc2-b6be-dd2dac95f0f4,a01ac0ae-95b8-4188-affe-71db79156caf,0f1b9256-ff74-41c8-a445-fef1e3ade1b3,Benchmark Capital Partners,2024-07-01,2024,359470000,3,61140000.0,0.0,293508907.69,293508907.69,4.800604,1.2249,0.0
de9a3dd4-9756-4654-ad56-17f6ccb86ae7,a01ac0ae-95b8-4188-affe-71db79156caf,0f1b9256-ff74-41c8-a445-fef1e3ade1b3,Benchmark Capital Partners,2024-10-01,2024,359470000,3,61140000.0,0.0,264762912.71,264762912.71,4.330437,0.9407,0.0
37354adb-d490-4003-a2ad-b2fb64e94137,a01ac0ae-95b8-4188-affe-71db79156caf,0f1b9256-ff74-41c8-a445-fef1e3ade1b3,Benchmark Capital Partners,2025-01-01,2025,359470000,3,62110000.0,0.0,258437647.74,258437647.74,4.160967,0.7936,0.0
38632a03-4801-4190-a3e1-6af1b40d4fb9,a01ac0ae-95b8-4188-affe-71db79156caf,0f1b9256-ff74-41c8-a445-fef1e3ade1b3,Benchmark Capital Partners,2025-04-01,2025,359470000,3,62110000.0,345630317.51,89569311.75,435199629.26,7.006917,1.1838,5.564809
0fcd24b8-1795-4789-a1a1-d07a260cecad,a01ac0ae-95b8-4188-affe-71db79156caf,0f1b9256-ff74-41c8-a445-fef1e3ade1b3,Benchmark Capital Partners,2025-07-01,2025,359470000,3,62110000.0,345630317.51,282661382.37,628291699.88,10.11579,1.3983,5.564809
f73d8a08-e7c5-45a2-8ac0-09fd76b2fcc0,a01ac0ae-95b8-4188-affe-71db79156caf,0f1b9256-ff74-41c8-a445-fef1e3ade1b3,Benchmark Capital Partners,2025-10-01,2025,359470000,3,69740000.0,345630317.51,300858448.93,646488766.44,9.269985,1.3445,4.955984
9fc9fd82-3b29-48fc-bac1-d69d1f5d1948,a01ac0ae-95b8-4188-affe-71db79156caf,bd60267d-c44b-459e-8267-7f63a54610b7,General Catalyst Group,2016-10-01,2016,440970000,1,13560000.0,0.0,29044275.96,29044275.96,2.141908,20.0476,0.0
de7fa720-0349-4e08-820a-1fbe46688787,a01ac0ae-95b8-4188-affe-71db79156caf,bd60267d-c44b-459e-8267-7f63a54610b7,General Catalyst Group,2017-01-01,2017,440970000,2,47940000.0,0.0,24795080.9,24795080.9,0.517211,-0.8822,0.0
db1817e5-d173-4a14-bd55-9f288e52936a,a01ac0ae-95b8-4188-affe-71db79156caf,bd60267d-c44b-459e-8267-7f63a54610b7,General Catalyst Group,2017-04-01,2017,440970000,3,92600000.0,0.0,50028530.24,50028530.24,0.540265,-0.7919,0.0
789ec20b-39e3-4f85-a743-a82a9620e649,a01ac0ae-95b8-4188-affe-71db79156caf,bd60267d-c44b-459e-8267-7f63a54610b7,General Catalyst Group,2017-07-01,2017,440970000,3,94320000.0,0.0,44649434.35,44649434.35,0.473382,-0.6898,0.0
62d0196d-6a25-4793-9e74-458b9d7a134e,a01ac0ae-95b8-4188-affe-71db79156caf,bd60267d-c44b-459e-8267-7f63a54610b7,General Catalyst Group,2017-10-01,2017,440970000,3,94320000.0,0.0,73041358.89,73041358.89,0.774399,-0.2464,0.0
a32f7263-08b1-4248-91e0-4a6cda294544,a01ac0ae-95b8-4188-affe-71db79156caf,bd60267d-c44b-459e-8267-7f63a54610b7,General Catalyst Group,2018-01-01,2018,440970000,3,94320000.0,0.0,64855373.73,64855373.73,0.68761,-0.2774,0.0
66cf2173-78e8-4395-8f1b-3c32738842d5,a01ac0ae-95b8-4188-affe-71db79156caf,bd60267d-c44b-459e-8267-7f63a54610b7,General Catalyst Group,2018-04-01,2018,440970000,3,97270000.0,0.0,42626796.1,42626796.1,0.438232,-0.4577,0.0
e80dfa7a-5215-4080-a19c-6f194be82934,a01ac0ae-95b8-4188-affe-71db79156caf,bd60267d-c44b-459e-8267-7f63a54610b7,General Catalyst Group,2018-07-01,2018,440970000,3,97270000.0,0.0,104188250.49,104188250.49,1.071124,0.0432,0.0
da94c7a5-3791-44f8-8bc5-9bc2dbf91159,a01ac0ae-95b8-4188-affe-71db79156caf,bd60267d-c44b-459e-8267-7f63a54610b7,General Catalyst Group,2018-10-01,2018,440970000,3,97270000.0,0.0,88803902.62,88803902.62,0.912963,-0.0475,0.0
ca62ef4a-f3ad-479d-aa0b-547979e78913,a01ac0ae-95b8-4188-affe-71db79156caf,bd60267d-c44b-459e-8267-7f63a54610b7,General Catalyst Group,2019-01-01,2019,440970000,3,99570000.0,0.0,77211611.44,77211611.44,0.775451,-0.1156,0.0
992ddee4-8880-4e7b-a29c-b8c0656df2da,a01ac0ae-95b8-4188-affe-71db79156caf,bd60267d-c44b-459e-8267-7f63a54610b7,General Catalyst Group,2019-04-01,2019,440970000,3,99570000.0,0.0,60309430.05,60309430.05,0.605699,-0.1949,0.0
11b6afbf-a2dd-47dd-be1c-24e8a6df4026,a01ac0ae-95b8-4188-affe-71db79156caf,bd60267d-c44b-459e-8267-7f63a54610b7,General Catalyst Group,2019-07-01,2019,440970000,2,60020000.0,0.0,42121822.0,42121822.0,0.701796,-0.3187,0.0
385d4028-cd5b-4561-97e6-919f9bb4a205,a01ac0ae-95b8-4188-affe-71db79156caf,bd60267d-c44b-459e-8267-7f63a54610b7,General Catalyst Group,2019-10-01,2019,440970000,3,107950000.0,0.0,110352188.27,110352188.27,1.022253,0.0084,0.0
97ad0828-ca1c-4a0b-ac7c-04311c209449,a01ac0ae-95b8-4188-affe-71db79156caf,bd60267d-c44b-459e-8267-7f63a54610b7,General Catalyst Group,2020-01-01,2020,440970000,3,107950000.0,0.0,87507643.23,87507643.23,0.810631,-0.0705,0.0
d88b808a-de24-4095-82a9-ac60901b3bc8,a01ac0ae-95b8-4188-affe-71db79156caf,bd60267d-c44b-459e-8267-7f63a54610b7,General Catalyst Group,2020-04-01,2020,440970000,3,111770000.0,41198605.32,54594275.54,95792880.86,0.857054,-0.0516,0.368602
c667436b-ab9f-48a6-976e-77566787bc59,a01ac0ae-95b8-4188-affe-71db79156caf,bd60267d-c44b-459e-8267-7f63a54610b7,General Catalyst Group,2020-07-01,2020,440970000,3,111770000.0,41198605.32,184894947.97,226093553.29,2.022846,0.24,0.368602
308bf781-91b6-4a0e-9f9c-7e5679fff3ea,a01ac0ae-95b8-4188-affe-71db79156caf,bd60267d-c44b-459e-8267-7f63a54610b7,General Catalyst Group,2020-10-01,2020,440970000,3,111770000.0,41198605.32,66330562.48,107529167.8,0.962058,-0.0118,0.368602
4c405dab-5149-4744-bfef-2525f94188c8,a01ac0ae-95b8-4188-affe-71db79156caf,bd60267d-c44b-459e-8267-7f63a54610b7,General Catalyst Group,2021-01-01,2021,440970000,3,111770000.0,41198605.32,81685592.6,122884197.92,1.099438,0.0277,0.368602
97b70e0c-f17f-4ca4-ac57-4d5d389fb018,a01ac0ae-95b8-4188-affe-71db79156caf,bd60267d-c44b-459e-8267-7f63a54610b7,General Catalyst Group,2021-04-01,2021,440970000,3,111770000.0,41198605.32,51544850.91,92743456.23,0.829771,-0.0523,0.368602
03220a16-ef3c-4335-a1fc-91b3bfcd607e,a01ac0ae-95b8-4188-affe-71db79156caf,bd60267d-c44b-459e-8267-7f63a54610b7,General Catalyst Group,2021-07-01,2021,440970000,2,69040000.0,41198605.32,92471327.58,133669932.9,1.936123,0.0477,0.596735
d7f3a41c-b3ae-4b5b-ba56-30c39e6c1592,a01ac0ae-95b8-4188-affe-71db79156caf,bd60267d-c44b-459e-8267-7f63a54610b7,General Catalyst Group,2021-10-01,2021,440970000,2,69040000.0,41198605.32,88001432.24,129200037.56,1.871379,0.037,0.596735
68df66c1-40f7-4100-b3ca-441fd1786836,a01ac0ae-95b8-4188-affe-71db79156caf,bd60267d-c44b-459e-8267-7f63a54610b7,General Catalyst Group,2022-01-01,2022,440970000,2,69040000.0,41198605.32,55491899.91,96690505.23,1.4005,-0.0361,0.596735
4f083cdf-64b7-49f2-ba19-ff3f56e36e39,a01ac0ae-95b8-4188-affe-71db79156caf,bd60267d-c44b-459e-8267-7f63a54610b7,General Catalyst Group,2022-04-01,2022,440970000,3,115820000.0,41198605.32,88982515.86,130181121.18,1.123995,0.0284,0.355712
09b34760-6f89-4d64-a5c8-31b89d114f98,a01ac0ae-95b8-4188-affe-71db79156caf,bd60267d-c44b-459e-8267-7f63a54610b7,General Catalyst Group,2022-07-01,2022,440970000,3,115820000.0,48737584.84,122783403.14,171520987.98,1.480927,0.0906,0.420805
6fa44e0d-e683-474c-bbe5-d543052d59ee,a01ac0ae-95b8-4188-affe-71db79156caf,bd60267d-c44b-459e-8267-7f63a54610b7,General Catalyst Group,2022-10-01,2022,440970000,3,115820000.0,48737584.84,158532988.76,207270573.6,1.789592,0.1284,0.420805
1c2401e0-b4ac-455e-8ef5-2bc7d8d48a24,a01ac0ae-95b8-4188-affe-71db79156caf,bd60267d-c44b-459e-8267-7f63a54610b7,General Catalyst Group,2023-01-01,2023,440970000,3,115820000.0,48737584.84,301173036.44,349910621.28,3.021159,0.2331,0.420805
547a9486-1946-4fb0-82bf-a76b165e25d1,a01ac0ae-95b8-4188-affe-71db79156caf,bd60267d-c44b-459e-8267-7f63a54610b7,General Catalyst Group,2023-04-01,2023,440970000,3,115820000.0,48737584.84,99485863.22,148223448.06,1.279774,0.0516,0.420805
1b6c4df6-3d12-4be2-8449-a00d6d8964dd,a01ac0ae-95b8-4188-affe-71db79156caf,bd60267d-c44b-459e-8267-7f63a54610b7,General Catalyst Group,2023-07-01,2023,440970000,3,116630000.0,48737584.84,213741891.7,262479476.54,2.250531,0.1596,0.417882
d5bf71ce-ebb7-45d5-8c28-883713530c7e,a01ac0ae-95b8-4188-affe-71db79156caf,bd60267d-c44b-459e-8267-7f63a54610b7,General Catalyst Group,2023-10-01,2023,440970000,3,116630000.0,48737584.84,80045194.1,128782778.94,1.104199,0.0199,0.417882
3e078125-d887-4325-a24c-b6a3a2f033bd,a01ac0ae-95b8-4188-affe-71db79156caf,bd60267d-c44b-459e-8267-7f63a54610b7,General Catalyst Group,2024-01-01,2024,440970000,3,116630000.0,48737584.84,159323242.35,208060827.19,1.783939,0.1074,0.417882
be37951a-ce0e-4eb3-b865-baa17b0f0696,a01ac0ae-95b8-4188-affe-71db79156caf,bd60267d-c44b-459e-8267-7f63a54610b7,General Catalyst Group,2024-04-01,2024,440970000,3,119600000.0,86231973.81,163747677.86,249979651.67,2.090131,0.1343,0.721003
ecd70ea1-45da-420e-83fb-d5bba7164f2b,a01ac0ae-95b8-4188-affe-71db79156caf,bd60267d-c44b-459e-8267-7f63a54610b7,General Catalyst Group,2024-07-01,2024,440970000,3,119600000.0,165336861.3,155824546.96,321161408.26,2.685296,0.1743,1.382415
5df6f113-3f06-46d2-9ecf-8549af259f2e,a01ac0ae-95b8-4188-affe-71db79156caf,bd60267d-c44b-459e-8267-7f63a54610b7,General Catalyst Group,2024-10-01,2024,440970000,3,119600000.0,165336861.3,286174332.11,451511193.41,3.775177,0.2257,1.382415
705d348f-ed4c-4153-a1ec-4730ae6c5dce,a01ac0ae-95b8-4188-affe-71db79156caf,bd60267d-c44b-459e-8267-7f63a54610b7,General Catalyst Group,2025-01-01,2025,440970000,3,119600000.0,165336861.3,194038141.92,359375003.22,3.004808,0.1855,1.382415
7f172489-dde0-4e64-ab22-0a17ec51e15e,a01ac0ae-95b8-4188-affe-71db79156caf,bd60267d-c44b-459e-8267-7f63a54610b7,General Catalyst Group,2025-04-01,2025,440970000,3,119600000.0,202566498.71,126680641.61,329247140.32,2.752903,0.1697,1.6937
882c3cb5-6c1f-4389-9b01-2c63c8bd2a90,a01ac0ae-95b8-4188-affe-71db79156caf,bd60267d-c44b-459e-8267-7f63a54610b7,General Catalyst Group,2025-07-01,2025,440970000,3,119600000.0,229257841.63,34135389.48,263393231.11,2.202285,0.1356,1.916872
208d9493-4b1a-45e4-9040-128174c26b68,a01ac0ae-95b8-4188-affe-71db79156caf,bd60267d-c44b-459e-8267-7f63a54610b7,General Catalyst Group,2025-10-01,2025,440970000,2,95310000.0,188059236.31,34846999.06,222906235.37,2.33875,0.1349,1.973132
6ba14e99-62b3-4153-89f1-960d5bc6103f,a01ac0ae-95b8-4188-affe-71db79156caf,d9b2ec04-c8db-41f7-b9b2-d16cfed7d90a,Greylock Partners Fund,2022-10-01,2022,495370000,1,33830000.0,0.0,73465307.25,73465307.25,2.171602,21.2393,0.0
38c79bc7-3727-4441-8ef7-571d0513a252,a01ac0ae-95b8-4188-affe-71db79156caf,d9b2ec04-c8db-41f7-b9b2-d16cfed7d90a,Greylock Partners Fund,2023-01-01,2023,495370000,1,33830000.0,0.0,57524600.23,57524600.23,1.700402,1.8914,0.0
c19e6f25-c12f-45d7-8975-c93019eee00b,a01ac0ae-95b8-4188-affe-71db79156caf,d9b2ec04-c8db-41f7-b9b2-d16cfed7d90a,Greylock Partners Fund,2023-04-01,2023,495370000,1,33830000.0,0.0,67996858.12,67996858.12,2.009957,1.5366,0.0
0728deb3-fdfc-4023-b544-ce1fcf960e0c,a01ac0ae-95b8-4188-affe-71db79156caf,d9b2ec04-c8db-41f7-b9b2-d16cfed7d90a,Greylock Partners Fund,2023-07-01,2023,495370000,1,33830000.0,0.0,83350006.42,83350006.42,2.46379,1.4638,0.0
aa5a2070-71a3-4b37-97f7-4ace40816038,a01ac0ae-95b8-4188-affe-71db79156caf,d9b2ec04-c8db-41f7-b9b2-d16cfed7d90a,Greylock Partners Fund,2023-10-01,2023,495370000,1,33830000.0,0.0,110418835.52,110418835.52,3.263932,1.5763,0.0
9c197c25-e5a3-4a63-ac7a-89cbf7d3de62,a01ac0ae-95b8-4188-affe-71db79156caf,d9b2ec04-c8db-41f7-b9b2-d16cfed7d90a,Greylock Partners Fund,2024-01-01,2024,495370000,1,33830000.0,0.0,67694590.87,67694590.87,2.001022,0.5879,0.0
9d9f5813-0b27-4fdb-ac1b-492f48fc25ec,a01ac0ae-95b8-4188-affe-71db79156caf,d9b2ec04-c8db-41f7-b9b2-d16cfed7d90a,Greylock Partners Fund,2024-04-01,2024,495370000,1,33830000.0,102632247.43,0.0,102632247.43,3.033764,1.0957,3.033764
05086fbf-9d92-4d7e-8c65-e7ea7a261157,a01ac0ae-95b8-4188-affe-71db79156caf,d9b2ec04-c8db-41f7-b9b2-d16cfed7d90a,Greylock Partners Fund,2024-07-01,2024,495370000,1,33830000.0,102632247.43,64344495.04,166976742.47,4.935759,1.6079,3.033764
c365f59c-0aa8-4c80-80b3-119d5ab6133b,a01ac0ae-95b8-4188-affe-71db79156caf,d9b2ec04-c8db-41f7-b9b2-d16cfed7d90a,Greylock Partners Fund,2024-10-01,2024,495370000,1,33830000.0,102632247.43,129901325.37,232533572.8,6.873591,1.841,3.033764
f961feb3-6533-4707-8fb0-f21cfe3e74d5,a01ac0ae-95b8-4188-affe-71db79156caf,d9b2ec04-c8db-41f7-b9b2-d16cfed7d90a,Greylock Partners Fund,2025-01-01,2025,495370000,1,33830000.0,102632247.43,106239240.63,208871488.06,6.17415,1.6171,3.033764
587c5147-9fd9-4c17-8d7d-b673686c79fc,a01ac0ae-95b8-4188-affe-71db79156caf,d9b2ec04-c8db-41f7-b9b2-d16cfed7d90a,Greylock Partners Fund,2025-04-01,2025,495370000,1,33830000.0,102632247.43,107497074.49,210129321.92,6.211331,1.5319,3.033764
ed887882-4743-4fc5-9d74-2314cf5a686e,a01ac0ae-95b8-4188-affe-71db79156caf,d9b2ec04-c8db-41f7-b9b2-d16cfed7d90a,Greylock Partners Fund,2025-07-01,2025,495370000,1,33830000.0,102632247.43,165516555.12,268148802.55,7.926361,1.6027,3.033764
dee91986-dd6b-4179-b36c-aff0d1b95042,a01ac0ae-95b8-4188-affe-71db79156caf,d9b2ec04-c8db-41f7-b9b2-d16cfed7d90a,Greylock Partners Fund,2025-10-01,2025,495370000,0,0,0,0,0,,1.0957,
f0d87af6-adb1-4d7b-a18a-7e907434eefc,a01ac0ae-95b8-4188-affe-71db79156caf,7534e695-8da5-4a6d-b5a7-b37766b2ffaf,Coatue Growth Fund,2019-10-01,2019,199450000,1,49910000.0,0.0,80378821.89,80378821.89,1.610475,5.7269,0.0
43598b29-8663-418d-935d-fc39e4f69913,a01ac0ae-95b8-4188-affe-71db79156caf,7534e695-8da5-4a6d-b5a7-b37766b2ffaf,Coatue Growth Fund,2020-01-01,2020,199450000,1,49910000.0,0.0,23198052.61,23198052.61,0.464798,-0.784,0.0
7df9dfa7-c778-4f23-b0cf-da1ad1e73ee0,a01ac0ae-95b8-4188-affe-71db79156caf,7534e695-8da5-4a6d-b5a7-b37766b2ffaf,Coatue Growth Fund,2020-04-01,2020,199450000,1,49910000.0,0.0,52673658.35,52673658.35,1.055373,0.0745,0.0
0ee53c8c-c611-438b-b49f-2ecf7a81fb37,a01ac0ae-95b8-4188-affe-71db79156caf,7534e695-8da5-4a6d-b5a7-b37766b2ffaf,Coatue Growth Fund,2020-07-01,2020,199450000,1,49910000.0,0.0,54799324.85,54799324.85,1.097963,0.098,0.0
eb869b7c-cd70-4a41-96b9-f323dfda6505,a01ac0ae-95b8-4188-affe-71db79156caf,7534e695-8da5-4a6d-b5a7-b37766b2ffaf,Coatue Growth Fund,2020-10-01,2020,199450000,1,49910000.0,0.0,48395434.44,48395434.44,0.969654,-0.0244,0.0
06591379-3639-41f7-b6b4-240cbb694e5d,a01ac0ae-95b8-4188-affe-71db79156caf,7534e695-8da5-4a6d-b5a7-b37766b2ffaf,Coatue Growth Fund,2021-01-01,2021,199450000,1,49910000.0,0.0,67156019.86,67156019.86,1.345542,0.2188,0.0
caeb8f33-24cd-451f-a163-820971858dfe,a01ac0ae-95b8-4188-affe-71db79156caf,7534e695-8da5-4a6d-b5a7-b37766b2ffaf,Coatue Growth Fund,2021-04-01,2021,199450000,2,82130000.0,0.0,133908348.55,133908348.55,1.630444,0.4739,0.0
8bea3e50-d7be-4d7c-81ec-2fa3592a6027,a01ac0ae-95b8-4188-affe-71db79156caf,7534e695-8da5-4a6d-b5a7-b37766b2ffaf,Coatue Growth Fund,2021-07-01,2021,199450000,4,144880000.0,0.0,108341088.2,108341088.2,0.747799,-0.3043,0.0
7d0fa431-5a93-4fdf-bdbf-83c8f374f17d,a01ac0ae-95b8-4188-affe-71db79156caf,7534e695-8da5-4a6d-b5a7-b37766b2ffaf,Coatue Growth Fund,2021-10-01,2021,199450000,4,144880000.0,0.0,140557897.21,140557897.21,0.970168,-0.026,0.0
80b7013d-9c3f-4da3-a900-b785f016f0ae,a01ac0ae-95b8-4188-affe-71db79156caf,7534e695-8da5-4a6d-b5a7-b37766b2ffaf,Coatue Growth Fund,2022-01-01,2022,199450000,4,145120000.0,0.0,243728976.89,243728976.89,1.6795,0.4065,0.0
ca118aa5-da3c-42fa-a974-be014674ba5d,a01ac0ae-95b8-4188-affe-71db79156caf,7534e695-8da5-4a6d-b5a7-b37766b2ffaf,Coatue Growth Fund,2022-04-01,2022,199450000,4,145120000.0,0.0,121280919.2,121280919.2,0.835728,-0.1047,0.0
7d69db8b-21ab-4ada-a867-64592b5cc07d,a01ac0ae-95b8-4188-affe-71db79156caf,7534e695-8da5-4a6d-b5a7-b37766b2ffaf,Coatue Growth Fund,2022-07-01,2022,199450000,3,105490000.0,0.0,184922777.16,184922777.16,1.752989,0.1326,0.0
d31cd337-3075-46a6-9a8c-234678399567,a01ac0ae-95b8-4188-affe-71db79156caf,7534e695-8da5-4a6d-b5a7-b37766b2ffaf,Coatue Growth Fund,2022-10-01,2022,199450000,3,105490000.0,0.0,139954236.88,139954236.88,1.326706,-0.0167,0.0
e2e8bfb4-6ce5-461d-8d75-a86b11b2a7ec,a01ac0ae-95b8-4188-affe-71db79156caf,7534e695-8da5-4a6d-b5a7-b37766b2ffaf,Coatue Growth Fund,2023-01-01,2023,199450000,2,59840000.0,0.0,71928803.8,71928803.8,1.202019,-0.2799,0.0
54ccf024-6ee7-4943-8028-38c17834018a,a01ac0ae-95b8-4188-affe-71db79156caf,7534e695-8da5-4a6d-b5a7-b37766b2ffaf,Coatue Growth Fund,2023-04-01,2023,199450000,2,59840000.0,0.0,49031305.61,49031305.61,0.819373,-0.3677,0.0
174fc270-a8d3-4486-8edb-ad1e7924979e,a01ac0ae-95b8-4188-affe-71db79156caf,7534e695-8da5-4a6d-b5a7-b37766b2ffaf,Coatue Growth Fund,2023-07-01,2023,199450000,3,106890000.0,0.0,84756670.94,84756670.94,0.792934,-0.3725,0.0
820ccb79-00ad-41eb-a3e6-659ed37c7467,a01ac0ae-95b8-4188-affe-71db79156caf,7534e695-8da5-4a6d-b5a7-b37766b2ffaf,Coatue Growth Fund,2023-10-01,2023,199450000,3,108170000.0,0.0,33607426.36,33607426.36,0.310691,-0.6886,0.0
031f1346-18f5-4352-a273-b09b45ede7b5,a01ac0ae-95b8-4188-affe-71db79156caf,7534e695-8da5-4a6d-b5a7-b37766b2ffaf,Coatue Growth Fund,2024-01-01,2024,199450000,3,110280000.0,0.0,45023632.69,45023632.69,0.408267,-0.5217,0.0
f93fee02-ce65-405f-9a7b-4ca3ea1a4447,a01ac0ae-95b8-4188-affe-71db79156caf,7534e695-8da5-4a6d-b5a7-b37766b2ffaf,Coatue Growth Fund,2024-04-01,2024,199450000,4,120910000.0,0.0,88288512.48,88288512.48,0.7302,-0.302,0.0
94806d18-f3a3-430b-aa35-2298b01fe391,a01ac0ae-95b8-4188-affe-71db79156caf,7534e695-8da5-4a6d-b5a7-b37766b2ffaf,Coatue Growth Fund,2024-07-01,2024,199450000,4,120910000.0,0.0,82612263.92,82612263.92,0.683254,-0.2948,0.0
4a0fe781-cb23-4ecb-95e3-b1d1f31c5d83,a01ac0ae-95b8-4188-affe-71db79156caf,7534e695-8da5-4a6d-b5a7-b37766b2ffaf,Coatue Growth Fund,2024-10-01,2024,199450000,4,120910000.0,0.0,122877318.15,122877318.15,1.016271,-0.1587,0.0
27bfd45d-5e7b-4204-aeb8-0a04d004a157,a01ac0ae-95b8-4188-affe-71db79156caf,7534e695-8da5-4a6d-b5a7-b37766b2ffaf,Coatue Growth Fund,2025-01-01,2025,199450000,4,120910000.0,0.0,127634885.84,127634885.84,1.055619,-0.1371,0.0
ff21033b-ed00-4135-b4cb-6f074b50d527,a01ac0ae-95b8-4188-affe-71db79156caf,7534e695-8da5-4a6d-b5a7-b37766b2ffaf,Coatue Growth Fund,2025-04-01,2025,199450000,4,121490000.0,0.0,197270750.33,197270750.33,1.623761,-0.0177,0.0
57a3cea7-f6e9-4c48-81fb-eac4b40896d1,a01ac0ae-95b8-4188-affe-71db79156caf,7534e695-8da5-4a6d-b5a7-b37766b2ffaf,Coatue Growth Fund,2025-07-01,2025,199450000,5,171400000.0,0.0,138939211.18,138939211.18,0.810614,-0.1011,0.0
d17a8bfb-b08c-400b-9007-a717f79389f6,a01ac0ae-95b8-4188-affe-71db79156caf,7534e695-8da5-4a6d-b5a7-b37766b2ffaf,Coatue Growth Fund,2025-10-01,2025,199450000,6,211430000.0,0.0,404578064.86,404578064.86,1.913532,0.1576,0.0
1438d713-a0bc-4626-8483-39afea686152,a01ac0ae-95b8-4188-affe-71db79156caf,7ec9dfef-e6a7-48d0-9563-7f25fc31813d,Tiger Global Private Investment Partners,2023-10-01,2023,86820000,2,39080000.0,0.0,115363795.94,115363795.94,2.951991,74.9381,0.0
d70643bd-635c-4d1c-b2d6-58e5a88e15db,a01ac0ae-95b8-4188-affe-71db79156caf,7ec9dfef-e6a7-48d0-9563-7f25fc31813d,Tiger Global Private Investment Partners,2024-01-01,2024,86820000,2,39080000.0,0.0,109892835.57,109892835.57,2.811997,6.9073,0.0
dbe2ff89-36d6-412f-9670-e3e2e74e4789,a01ac0ae-95b8-4188-affe-71db79156caf,7ec9dfef-e6a7-48d0-9563-7f25fc31813d,Tiger Global Private Investment Partners,2024-04-01,2024,86820000,2,39080000.0,0.0,139498990.67,139498990.67,3.569575,4.4553,0.0
2cf82e9d-5cf1-4002-9641-d4e2c52591ba,a01ac0ae-95b8-4188-affe-71db79156caf,7ec9dfef-e6a7-48d0-9563-7f25fc31813d,Tiger Global Private Investment Partners,2024-07-01,2024,86820000,3,54040000.0,0.0,139798593.69,139798593.69,2.586947,2.0705,0.0
56fe6d3d-ef77-45f3-a97a-e563242d8505,a01ac0ae-95b8-4188-affe-71db79156caf,7ec9dfef-e6a7-48d0-9563-7f25fc31813d,Tiger Global Private Investment Partners,2024-10-01,2024,86820000,3,54040000.0,0.0,164368194.52,164368194.52,3.041602,1.7673,0.0
59874fec-c855-41db-a2e8-d59450510ec2,a01ac0ae-95b8-4188-affe-71db79156caf,7ec9dfef-e6a7-48d0-9563-7f25fc31813d,Tiger Global Private Investment Partners,2025-01-01,2025,86820000,3,54040000.0,0.0,223439300.77,223439300.77,4.134702,1.8741,0.0
ce428800-e85c-4cec-8334-3b0250402756,a01ac0ae-95b8-4188-affe-71db79156caf,7ec9dfef-e6a7-48d0-9563-7f25fc31813d,Tiger Global Private Investment Partners,2025-04-01,2025,86820000,4,80640000.0,0.0,270972875.02,270972875.02,3.360279,1.5379,0.0
e63164aa-3960-427f-b61e-474740f90c9c,a01ac0ae-95b8-4188-affe-71db79156caf,7ec9dfef-e6a7-48d0-9563-7f25fc31813d,Tiger Global Private Investment Partners,2025-07-01,2025,86820000,4,85400000.0,0.0,370024779.14,370024779.14,4.332843,1.6317,0.0
80f7ee64-bc45-4de3-bfe2-29b584d02934,a01ac0ae-95b8-4188-affe-71db79156caf,7ec9dfef-e6a7-48d0-9563-7f25fc31813d,Tiger Global Private Investment Partners,2025-10-01,2025,86820000,4,117650000.0,0.0,282015062.75,282015062.75,2.397068,0.7867,0.0
